parameters,accuracy
"{u'alpha': 0.009, u'l1_ratio': 0.07}",0.7800963081861958
"{u'alpha': 0.009, u'l1_ratio': 0.08}",0.7800963081861958
"{u'alpha': 0.009, u'l1_ratio': 0.09}",0.7800963081861958
"{u'alpha': 0.01, u'l1_ratio': 0.07}",0.7817014446227929
"{u'alpha': 0.01, u'l1_ratio': 0.08}",0.7817014446227929
"{u'alpha': 0.01, u'l1_ratio': 0.09}",0.7817014446227929
"{u'alpha': 0.03, u'l1_ratio': 0.07}",0.7784911717495987
"{u'alpha': 0.03, u'l1_ratio': 0.08}",0.7784911717495987
"{u'alpha': 0.03, u'l1_ratio': 0.09}",0.7784911717495987
